-- Script de importação para PostgreSQL
-- Gerado automaticamente em 2025-10-25 18:23:50

INSERT INTO auditorias (id, modelo, modelo_id, acao, dados_anteriores, dados_novos, usuario_id, ip_address, user_agent, observacoes, created_at, updated_at) VALUES ('1', 'User', '1', 'updated', '{"id": 1, "name": "Administrador Master", "email": "admin@test.com", "profile": "master", "password": "$2y$12$0VVGPqX83L.PY9PYiTyZt.yckxHIqsEXdNPo7YD08FMxr8TnPyzAi", "created_at": "2025-10-22T19:03:23.000000Z", "deleted_at": null, "updated_at": "2025-10-22T19:03:23.000000Z", "approved_at": null, "approved_by": null, "remember_token": null, "approval_status": "approved", "email_verified_at": "2025-10-22T19:03:23.000000Z", "two_factor_secret": null, "two_factor_enabled": false, "two_factor_enabled_at": null, "two_factor_backup_codes": null}', '{"remember_token": "m2dHuDzdsRgsyy6PnZBVcTaLWaUQKY5odEeOD1EkItrV51W1Q4cAjDw775V0"}', '1', '172.21.0.1', 'Mozilla/5.0 (Windows NT 10.0; Win64; x64) AppleWebKit/537.36 (KHTML, like Gecko) Chrome/141.0.0.0 Safari/537.36', 'Remember token alterado de nulo para m2dHuDzdsRgsyy6PnZBVcTaLWaUQKY5odEeOD1EkItrV51W1Q4...', '2025-10-24 22:28:25', '2025-10-24 22:28:25');
INSERT INTO auditorias (id, modelo, modelo_id, acao, dados_anteriores, dados_novos, usuario_id, ip_address, user_agent, observacoes, created_at, updated_at) VALUES ('2', 'User', '1', 'updated', '{"id": 1, "name": "Administrador Master", "email": "admin@test.com", "profile": "master", "password": "$2y$12$0VVGPqX83L.PY9PYiTyZt.yckxHIqsEXdNPo7YD08FMxr8TnPyzAi", "created_at": "2025-10-22T19:03:23.000000Z", "deleted_at": null, "updated_at": "2025-10-22T19:03:23.000000Z", "approved_at": null, "approved_by": null, "remember_token": "m2dHuDzdsRgsyy6PnZBVcTaLWaUQKY5odEeOD1EkItrV51W1Q4cAjDw775V0", "approval_status": "approved", "email_verified_at": "2025-10-22T19:03:23.000000Z", "two_factor_secret": null, "two_factor_enabled": false, "two_factor_enabled_at": null, "two_factor_backup_codes": null}', '{"remember_token": "fZfndHYGCowoldOaqmnQyHznxE9VHBmrJ0pRYnOiCdnaKwyPzkhrzkdEg0XX"}', '1', '172.21.0.1', 'Mozilla/5.0 (Linux; Android 10; K) AppleWebKit/537.36 (KHTML, like Gecko) Chrome/141.0.0.0 Mobile Safari/537.36', 'Remember token alterado de m2dHuDzdsRgsyy6PnZBVcTaLWaUQKY5odEeOD1EkItrV51W1Q4... para fZfndHYGCowoldOaqmnQyHznxE9VHBmrJ0pRYnOiCdnaKwyPzk...', '2025-10-24 22:40:30', '2025-10-24 22:40:30');
INSERT INTO auditorias (id, modelo, modelo_id, acao, dados_anteriores, dados_novos, usuario_id, ip_address, user_agent, observacoes, created_at, updated_at) VALUES ('3', 'User', '1', 'updated', '{"id": 1, "name": "Administrador Master", "email": "admin@test.com", "profile": "master", "password": "$2y$12$0VVGPqX83L.PY9PYiTyZt.yckxHIqsEXdNPo7YD08FMxr8TnPyzAi", "created_at": "2025-10-22T19:03:23.000000Z", "deleted_at": null, "updated_at": "2025-10-22T19:03:23.000000Z", "approved_at": null, "approved_by": null, "remember_token": "fZfndHYGCowoldOaqmnQyHznxE9VHBmrJ0pRYnOiCdnaKwyPzkhrzkdEg0XX", "approval_status": "approved", "email_verified_at": "2025-10-22T19:03:23.000000Z", "two_factor_secret": null, "two_factor_enabled": false, "two_factor_enabled_at": null, "two_factor_backup_codes": null}', '{"remember_token": "NV6dZhjX2se1jIm9xO6sqFRGT72am79Eo6ii4xi0rYfB1cLeLRc6nJOCp9KM"}', '1', '172.21.0.1', 'Mozilla/5.0 (Linux; Android 10; K) AppleWebKit/537.36 (KHTML, like Gecko) Chrome/141.0.0.0 Mobile Safari/537.36', 'Remember token alterado de fZfndHYGCowoldOaqmnQyHznxE9VHBmrJ0pRYnOiCdnaKwyPzk... para NV6dZhjX2se1jIm9xO6sqFRGT72am79Eo6ii4xi0rYfB1cLeLR...', '2025-10-24 22:51:19', '2025-10-24 22:51:19');
INSERT INTO auditorias (id, modelo, modelo_id, acao, dados_anteriores, dados_novos, usuario_id, ip_address, user_agent, observacoes, created_at, updated_at) VALUES ('4', 'User', '1', 'updated', '{"id": 1, "name": "Administrador Master", "email": "admin@test.com", "profile": "master", "password": "$2y$12$0VVGPqX83L.PY9PYiTyZt.yckxHIqsEXdNPo7YD08FMxr8TnPyzAi", "created_at": "2025-10-22T19:03:23.000000Z", "deleted_at": null, "updated_at": "2025-10-22T19:03:23.000000Z", "approved_at": null, "approved_by": null, "remember_token": "NV6dZhjX2se1jIm9xO6sqFRGT72am79Eo6ii4xi0rYfB1cLeLRc6nJOCp9KM", "approval_status": "approved", "email_verified_at": "2025-10-22T19:03:23.000000Z", "two_factor_secret": null, "two_factor_enabled": false, "two_factor_enabled_at": null, "two_factor_backup_codes": null}', '{"remember_token": "oCHk3v4sHsuWyF7y2UAH5o8ml6rhHb1bxUubxcf8eGjSa8cYNUHWGI7cPEsF"}', '1', '172.21.0.1', 'Mozilla/5.0 (Linux; Android 10; K) AppleWebKit/537.36 (KHTML, like Gecko) Chrome/141.0.0.0 Mobile Safari/537.36', 'Remember token alterado de NV6dZhjX2se1jIm9xO6sqFRGT72am79Eo6ii4xi0rYfB1cLeLR... para oCHk3v4sHsuWyF7y2UAH5o8ml6rhHb1bxUubxcf8eGjSa8cYNU...', '2025-10-24 23:03:32', '2025-10-24 23:03:32');
INSERT INTO auditorias (id, modelo, modelo_id, acao, dados_anteriores, dados_novos, usuario_id, ip_address, user_agent, observacoes, created_at, updated_at) VALUES ('5', 'User', '1', 'updated', '{"id": 1, "name": "Administrador Master", "email": "admin@test.com", "profile": "master", "password": "$2y$12$0VVGPqX83L.PY9PYiTyZt.yckxHIqsEXdNPo7YD08FMxr8TnPyzAi", "created_at": "2025-10-22T19:03:23.000000Z", "deleted_at": null, "updated_at": "2025-10-22T19:03:23.000000Z", "approved_at": null, "approved_by": null, "remember_token": "oCHk3v4sHsuWyF7y2UAH5o8ml6rhHb1bxUubxcf8eGjSa8cYNUHWGI7cPEsF", "approval_status": "approved", "email_verified_at": "2025-10-22T19:03:23.000000Z", "two_factor_secret": null, "two_factor_enabled": false, "two_factor_enabled_at": null, "two_factor_backup_codes": null}', '{"remember_token": "vaAyom7rucPEokXzKlKQevAyAS7YztM8auLFMmnZK6soj3pipi0OXAqPn81X"}', '1', '172.21.0.1', 'Mozilla/5.0 (Linux; Android 10; K) AppleWebKit/537.36 (KHTML, like Gecko) Chrome/141.0.0.0 Mobile Safari/537.36', 'Remember token alterado de oCHk3v4sHsuWyF7y2UAH5o8ml6rhHb1bxUubxcf8eGjSa8cYNU... para vaAyom7rucPEokXzKlKQevAyAS7YztM8auLFMmnZK6soj3pipi...', '2025-10-24 23:10:03', '2025-10-24 23:10:03');
INSERT INTO auditorias (id, modelo, modelo_id, acao, dados_anteriores, dados_novos, usuario_id, ip_address, user_agent, observacoes, created_at, updated_at) VALUES ('6', 'User', '1', 'updated', '{"id": 1, "name": "Administrador Master", "email": "admin@test.com", "profile": "master", "password": "$2y$12$0VVGPqX83L.PY9PYiTyZt.yckxHIqsEXdNPo7YD08FMxr8TnPyzAi", "created_at": "2025-10-22T19:03:23.000000Z", "deleted_at": null, "updated_at": "2025-10-22T19:03:23.000000Z", "approved_at": null, "approved_by": null, "remember_token": "vaAyom7rucPEokXzKlKQevAyAS7YztM8auLFMmnZK6soj3pipi0OXAqPn81X", "approval_status": "approved", "email_verified_at": "2025-10-22T19:03:23.000000Z", "two_factor_secret": null, "two_factor_enabled": false, "two_factor_enabled_at": null, "two_factor_backup_codes": null}', '{"remember_token": "X0BUCk9mEZnKM8LBJbpe7l7MqbvlUl4qSUMr5kzPBmeB78jJeglYtYwASUn5"}', '1', '172.21.0.1', 'Mozilla/5.0 (Linux; Android 10; K) AppleWebKit/537.36 (KHTML, like Gecko) Chrome/141.0.0.0 Mobile Safari/537.36', 'Remember token alterado de vaAyom7rucPEokXzKlKQevAyAS7YztM8auLFMmnZK6soj3pipi... para X0BUCk9mEZnKM8LBJbpe7l7MqbvlUl4qSUMr5kzPBmeB78jJeg...', '2025-10-24 23:17:30', '2025-10-24 23:17:30');
INSERT INTO auditorias (id, modelo, modelo_id, acao, dados_anteriores, dados_novos, usuario_id, ip_address, user_agent, observacoes, created_at, updated_at) VALUES ('7', 'User', '1', 'updated', '{"id": 1, "name": "Administrador Master", "email": "admin@test.com", "profile": "master", "password": "$2y$12$0VVGPqX83L.PY9PYiTyZt.yckxHIqsEXdNPo7YD08FMxr8TnPyzAi", "created_at": "2025-10-22T19:03:23.000000Z", "deleted_at": null, "updated_at": "2025-10-22T19:03:23.000000Z", "approved_at": null, "approved_by": null, "remember_token": "X0BUCk9mEZnKM8LBJbpe7l7MqbvlUl4qSUMr5kzPBmeB78jJeglYtYwASUn5", "approval_status": "approved", "email_verified_at": "2025-10-22T19:03:23.000000Z", "two_factor_secret": null, "two_factor_enabled": false, "two_factor_enabled_at": null, "two_factor_backup_codes": null}', '{"remember_token": "8vJqq17nR84jXo5nlWz9dKAYIQfUgWiAVhmOEbKZyURPrEVQHJNJzmGkeBSJ"}', '1', '172.21.0.1', 'Mozilla/5.0 (Windows NT 10.0; Win64; x64) AppleWebKit/537.36 (KHTML, like Gecko) Chrome/141.0.0.0 Safari/537.36', 'Remember token alterado de X0BUCk9mEZnKM8LBJbpe7l7MqbvlUl4qSUMr5kzPBmeB78jJeg... para 8vJqq17nR84jXo5nlWz9dKAYIQfUgWiAVhmOEbKZyURPrEVQHJ...', '2025-10-25 00:11:45', '2025-10-25 00:11:45');
INSERT INTO auditorias (id, modelo, modelo_id, acao, dados_anteriores, dados_novos, usuario_id, ip_address, user_agent, observacoes, created_at, updated_at) VALUES ('8', 'User', '1', 'updated', '{"id": 1, "name": "Administrador Master", "email": "admin@test.com", "profile": "master", "password": "$2y$12$0VVGPqX83L.PY9PYiTyZt.yckxHIqsEXdNPo7YD08FMxr8TnPyzAi", "created_at": "2025-10-22T19:03:23.000000Z", "deleted_at": null, "updated_at": "2025-10-22T19:03:23.000000Z", "approved_at": null, "approved_by": null, "remember_token": "8vJqq17nR84jXo5nlWz9dKAYIQfUgWiAVhmOEbKZyURPrEVQHJNJzmGkeBSJ", "approval_status": "approved", "email_verified_at": "2025-10-22T19:03:23.000000Z", "two_factor_secret": null, "two_factor_enabled": false, "two_factor_enabled_at": null, "two_factor_backup_codes": null}', '{"remember_token": "7Srlkyf9tIUpNsjbEQK0kkAPyuTpgamEC5kqWyEoAK72qI8SsnvE4hnsNyiQ"}', '1', '172.21.0.1', 'Mozilla/5.0 (Windows NT 10.0; Win64; x64) AppleWebKit/537.36 (KHTML, like Gecko) Chrome/141.0.0.0 Safari/537.36', 'Remember token alterado de 8vJqq17nR84jXo5nlWz9dKAYIQfUgWiAVhmOEbKZyURPrEVQHJ... para 7Srlkyf9tIUpNsjbEQK0kkAPyuTpgamEC5kqWyEoAK72qI8Ssn...', '2025-10-25 01:53:12', '2025-10-25 01:53:12');
INSERT INTO empresas (id, nome, razao_social, cnpj, email, telefone, whatsapp, cep, endereco, numero, complemento, bairro, cidade, estado, pais, site, observacoes, ativo, created_by, created_at, updated_at, deleted_at) VALUES ('1', 'Construtora ABC Ltda', 'Construtora ABC Ltda', '12345678000195', 'contato@construtoraabc.com.br', '1133334444', '11999998888', '01310100', 'Av. Paulista', '1000', 'Sala 101', 'Bela Vista', 'São Paulo', 'SP', 'Brasil', 'https://www.construtoraabc.com.br', 'Empresa especializada em construção civil.', '1', '1', '2025-10-23 17:26:59', '2025-10-23 17:26:59', NULL);
INSERT INTO empresas (id, nome, razao_social, cnpj, email, telefone, whatsapp, cep, endereco, numero, complemento, bairro, cidade, estado, pais, site, observacoes, ativo, created_by, created_at, updated_at, deleted_at) VALUES ('2', 'Engenharia XYZ S.A.', 'Engenharia XYZ S.A.', '98765432000123', 'info@engenhariaxyz.com.br', '2133335555', '21988887777', '20040020', 'Rua da Carioca', '500', 'Andar 15', 'Centro', 'Rio de Janeiro', 'RJ', 'Brasil', 'https://www.engenhariaxyz.com.br', 'Empresa focada em projetos de infraestrutura.', '1', '1', '2025-10-23 17:26:59', '2025-10-23 17:52:21', NULL);
INSERT INTO empresas (id, nome, razao_social, cnpj, email, telefone, whatsapp, cep, endereco, numero, complemento, bairro, cidade, estado, pais, site, observacoes, ativo, created_by, created_at, updated_at, deleted_at) VALUES ('3', 'Obras e Construções MG', 'Obras e Construções MG Ltda', '11223344000156', 'contato@obrasmg.com.br', '3133336666', '31977776666', '30112000', 'Av. Afonso Pena', '2000', 'Conjunto 301', 'Centro', 'Belo Horizonte', 'MG', 'Brasil', 'https://www.obrasmg.com.br', 'Especializada em obras residenciais e comerciais.', '1', '1', '2025-10-23 17:26:59', '2025-10-23 17:26:59', NULL);
INSERT INTO empresas (id, nome, razao_social, cnpj, email, telefone, whatsapp, cep, endereco, numero, complemento, bairro, cidade, estado, pais, site, observacoes, ativo, created_by, created_at, updated_at, deleted_at) VALUES ('4', 'Construtora Sul Brasil', 'Construtora Sul Brasil Ltda', '55667788000199', 'vendas@sulbrasil.com.br', '5133337777', '51988889999', '90020000', 'Rua da Praia', '150', 'Loja 1', 'Centro Histórico', 'Porto Alegre', 'RS', 'Brasil', 'https://www.sulbrasil.com.br', 'Empresa tradicional do sul do país, especializada em construção de alto padrão.', '1', '1', '2025-10-23 17:27:56', '2025-10-23 17:27:56', NULL);
INSERT INTO empresas (id, nome, razao_social, cnpj, email, telefone, whatsapp, cep, endereco, numero, complemento, bairro, cidade, estado, pais, site, observacoes, ativo, created_by, created_at, updated_at, deleted_at) VALUES ('5', 'Nordeste Construtora', 'Nordeste Construtora S.A.', '99887766000144', 'comercial@nordesteconstrutora.com.br', '8133338888', '81977778888', '50000000', 'Av. Boa Viagem', '3000', 'Torre A', 'Boa Viagem', 'Recife', 'PE', 'Brasil', 'https://www.nordesteconstrutora.com.br', 'Líder em construção civil no nordeste brasileiro, com projetos inovadores.', '1', '1', '2025-10-23 17:27:56', '2025-10-23 17:27:56', NULL);
INSERT INTO equipe_obras (id, projeto_id, atividade_id, funcionario_id, pessoa_id, data_trabalho, hora_entrada, tipo_almoco, hora_saida_almoco, hora_retorno_almoco, hora_saida, horas_trabalhadas, funcao, atividades_realizadas, observacoes, presente, created_by, deleted_at, created_at, updated_at) VALUES ('1', '1', NULL, NULL, '4', '2025-10-23', '07:30:00', 'reduzido', '11:30:00', '12:30:00', '16:30:00', '8', 'supervisor', 'testes 1', 'testes 1', '1', '1', NULL, '2025-10-23 22:45:28', '2025-10-23 22:49:35');
INSERT INTO equipe_obras (id, projeto_id, atividade_id, funcionario_id, pessoa_id, data_trabalho, hora_entrada, tipo_almoco, hora_saida_almoco, hora_retorno_almoco, hora_saida, horas_trabalhadas, funcao, atividades_realizadas, observacoes, presente, created_by, deleted_at, created_at, updated_at) VALUES ('2', '1', NULL, NULL, '10', '2025-10-23', '07:30:00', 'integral', '11:30:00', '13:30:00', '17:30:00', '8', 'eletricista', 'testes 2', 'testes 2', '1', '1', NULL, '2025-10-23 22:45:28', '2025-10-23 22:46:18');
INSERT INTO funcoes (id, nome, descricao, categoria, ativo, created_at, updated_at, deleted_at) VALUES ('1', 'Pedreiro', 'Profissional responsável pela construção e reparos em alvenaria, concreto e estruturas básicas', 'construcao', '1', '2025-10-23 19:41:47', '2025-10-23 19:41:47', NULL);
INSERT INTO funcoes (id, nome, descricao, categoria, ativo, created_at, updated_at, deleted_at) VALUES ('2', 'Eletricista', 'Profissional especializado em instalações elétricas, manutenção e reparos elétricos', 'tecnica', '1', '2025-10-23 19:41:47', '2025-10-23 19:41:47', NULL);
INSERT INTO funcoes (id, nome, descricao, categoria, ativo, created_at, updated_at, deleted_at) VALUES ('3', 'Encanador', 'Profissional responsável por instalações hidráulicas, reparos de encanamentos e sistemas de água', 'tecnica', '1', '2025-10-23 19:41:47', '2025-10-23 19:41:47', NULL);
INSERT INTO funcoes (id, nome, descricao, categoria, ativo, created_at, updated_at, deleted_at) VALUES ('4', 'Pintor', 'Profissional especializado em pintura de paredes, estruturas e acabamentos', 'construcao', '1', '2025-10-23 19:41:47', '2025-10-23 19:41:47', NULL);
INSERT INTO funcoes (id, nome, descricao, categoria, ativo, created_at, updated_at, deleted_at) VALUES ('5', 'Carpinteiro', 'Profissional responsável por trabalhos em madeira, estruturas de madeira e acabamentos', 'construcao', '1', '2025-10-23 19:41:47', '2025-10-23 21:58:46', NULL);
INSERT INTO funcoes (id, nome, descricao, categoria, ativo, created_at, updated_at, deleted_at) VALUES ('6', 'Ajudante', 'Profissional auxiliar que presta suporte aos demais profissionais da obra', 'construcao', '1', '2025-10-23 19:41:47', '2025-10-23 19:41:47', NULL);
INSERT INTO funcoes (id, nome, descricao, categoria, ativo, created_at, updated_at, deleted_at) VALUES ('7', 'Engenheiro', 'Profissional responsável pelo planejamento, coordenação técnica e supervisão de obras', 'supervisao', '1', '2025-10-23 19:41:47', '2025-10-23 19:41:47', NULL);
INSERT INTO funcoes (id, nome, descricao, categoria, ativo, created_at, updated_at, deleted_at) VALUES ('8', 'Arquiteto', 'Profissional responsável pelo projeto arquitetônico, design e coordenação de projetos', 'supervisao', '1', '2025-10-23 19:41:47', '2025-10-23 21:58:09', NULL);
INSERT INTO funcoes (id, nome, descricao, categoria, ativo, created_at, updated_at, deleted_at) VALUES ('9', 'Supervisor', 'Profissional responsável pela supervisão e coordenação das atividades da obra', 'supervisao', '1', '2025-10-23 19:41:47', '2025-10-23 19:41:47', NULL);
INSERT INTO funcoes (id, nome, descricao, categoria, ativo, created_at, updated_at, deleted_at) VALUES ('10', 'Outros', 'Outras funções não especificadas nas categorias anteriores', 'outros', '1', '2025-10-23 19:41:47', '2025-10-23 19:41:47', NULL);
INSERT INTO lotacoes (id, nome, descricao, status, created_at, updated_at, deleted_at) VALUES ('1', 'Administração', 'Setor administrativo da empresa', 'ativo', '2025-10-23 19:04:31', '2025-10-23 19:04:31', NULL);
INSERT INTO lotacoes (id, nome, descricao, status, created_at, updated_at, deleted_at) VALUES ('2', 'Recursos Humanos', 'Departamento de recursos humanos', 'ativo', '2025-10-23 19:04:31', '2025-10-23 19:04:31', NULL);
INSERT INTO lotacoes (id, nome, descricao, status, created_at, updated_at, deleted_at) VALUES ('3', 'Financeiro', 'Setor financeiro e contábil', 'ativo', '2025-10-23 19:04:31', '2025-10-23 19:04:31', NULL);
INSERT INTO lotacoes (id, nome, descricao, status, created_at, updated_at, deleted_at) VALUES ('4', 'Comercial', 'Departamento comercial', 'ativo', '2025-10-23 19:04:31', '2025-10-23 19:04:31', NULL);
INSERT INTO lotacoes (id, nome, descricao, status, created_at, updated_at, deleted_at) VALUES ('5', 'Operacional', 'Setor operacional', 'ativo', '2025-10-23 19:04:31', '2025-10-23 19:04:31', NULL);
INSERT INTO migrations (id, migration, batch) VALUES ('1', '0001_01_01_000000_create_users_table', '1');
INSERT INTO migrations (id, migration, batch) VALUES ('2', '0001_01_01_000001_create_cache_table', '1');
INSERT INTO migrations (id, migration, batch) VALUES ('3', '0001_01_01_000002_create_jobs_table', '1');
INSERT INTO migrations (id, migration, batch) VALUES ('4', '2014_10_12_100000_create_password_reset_tokens_table', '1');
INSERT INTO migrations (id, migration, batch) VALUES ('5', '2019_08_19_000000_create_failed_jobs_table', '1');
INSERT INTO migrations (id, migration, batch) VALUES ('6', '2019_12_14_000001_create_personal_access_tokens_table', '1');
INSERT INTO migrations (id, migration, batch) VALUES ('7', '2025_01_15_000001_create_catalogos_table', '2');
INSERT INTO migrations (id, migration, batch) VALUES ('8', '2025_01_17_000000_add_two_factor_fields_to_users_table', '2');
INSERT INTO migrations (id, migration, batch) VALUES ('9', '2025_10_10_193207_add_profile_to_users_table', '2');
INSERT INTO migrations (id, migration, batch) VALUES ('10', '2025_10_10_193936_add_deleted_at_to_users_table', '2');
INSERT INTO migrations (id, migration, batch) VALUES ('11', '2025_10_10_195202_create_lotacoes_table', '2');
INSERT INTO migrations (id, migration, batch) VALUES ('12', '2025_10_10_201409_add_deleted_at_to_lotacoes_table', '2');
INSERT INTO migrations (id, migration, batch) VALUES ('13', '2025_10_13_140751_add_approval_status_to_users_table', '2');
INSERT INTO migrations (id, migration, batch) VALUES ('14', '2025_10_13_151348_create_pessoas_table', '2');
INSERT INTO migrations (id, migration, batch) VALUES ('15', '2025_10_13_151349_add_pending_fields_to_pessoas_table', '2');
INSERT INTO migrations (id, migration, batch) VALUES ('16', '2025_10_13_183010_create_contratos_table', '2');
INSERT INTO migrations (id, migration, batch) VALUES ('17', '2025_10_13_183011_create_medicoes_table', '2');
INSERT INTO migrations (id, migration, batch) VALUES ('18', '2025_10_13_183012_create_pagamentos_table', '2');
INSERT INTO migrations (id, migration, batch) VALUES ('19', '2025_10_13_184028_create_contrato_responsaveis_table', '2');
INSERT INTO migrations (id, migration, batch) VALUES ('20', '2025_10_13_185815_remove_unique_cpf_from_pessoas_table', '2');
INSERT INTO migrations (id, migration, batch) VALUES ('21', '2025_10_13_190354_create_auditorias_table', '2');
INSERT INTO migrations (id, migration, batch) VALUES ('22', '2025_10_13_192315_create_contrato_anexos_table', '2');
INSERT INTO migrations (id, migration, batch) VALUES ('23', '2025_10_16_231854_create_notificacaos_table', '2');
INSERT INTO migrations (id, migration, batch) VALUES ('24', '2025_10_16_235549_create_personal_access_tokens_table', '2');
INSERT INTO migrations (id, migration, batch) VALUES ('25', '2025_10_17_012214_create_workflow_aprovacoes_table', '2');
INSERT INTO migrations (id, migration, batch) VALUES ('26', '2025_10_17_173710_add_contrato_id_to_pagamentos_table', '2');
INSERT INTO migrations (id, migration, batch) VALUES ('27', '2025_10_22_192932_create_projetos_table', '3');
INSERT INTO migrations (id, migration, batch) VALUES ('28', '2025_10_22_192940_create_atividade_obras_table', '3');
INSERT INTO migrations (id, migration, batch) VALUES ('29', '2025_10_22_192941_create_equipe_obras_table', '3');
INSERT INTO migrations (id, migration, batch) VALUES ('30', '2025_10_22_192942_create_foto_obras_table', '3');
INSERT INTO migrations (id, migration, batch) VALUES ('31', '2025_10_22_192942_create_material_obras_table', '3');
INSERT INTO migrations (id, migration, batch) VALUES ('32', '2025_10_22_202840_add_bairro_to_projetos_table', '4');
INSERT INTO migrations (id, migration, batch) VALUES ('33', '2025_10_22_203227_add_complemento_to_projetos_table', '5');
INSERT INTO migrations (id, migration, batch) VALUES ('34', '2024_01_15_000000_create_empresas_table', '6');
INSERT INTO migrations (id, migration, batch) VALUES ('35', '2025_10_23_175614_create_projeto_empresa_table', '7');
INSERT INTO migrations (id, migration, batch) VALUES ('36', '2025_10_23_193915_create_funcoes_table', '8');
INSERT INTO migrations (id, migration, batch) VALUES ('37', '2025_10_23_194200_add_funcao_id_to_pessoas_table', '9');
INSERT INTO migrations (id, migration, batch) VALUES ('38', '2025_10_23_220512_add_pessoa_id_to_equipe_obras_table', '10');
INSERT INTO migrations (id, migration, batch) VALUES ('39', '2025_10_23_222329_add_almoco_fields_to_equipe_obras_table', '11');
INSERT INTO migrations (id, migration, batch) VALUES ('40', '2025_10_23_223102_add_tipo_almoco_to_equipe_obras_table', '12');
INSERT INTO migrations (id, migration, batch) VALUES ('41', '2025_10_23_223805_make_funcionario_id_nullable_in_equipe_obras_table', '13');
INSERT INTO migrations (id, migration, batch) VALUES ('42', '2025_10_23_225546_create_fotos_obras_table', '14');
INSERT INTO pessoas (id, nome, cpf, lotacao_id, status, status_validacao, observacoes_validacao, data_validacao, data_ultima_tentativa, tentativas_validacao, created_at, updated_at, deleted_at, funcao_id) VALUES ('1', 'João Silva Santos', '111.444.777-35', '1', 'ativo', 'validado', 'CPF validado com sucesso', '2025-10-23 19:04:31', NULL, '1', '2025-10-23 19:04:31', '2025-10-23 19:53:59', NULL, '3');
INSERT INTO pessoas (id, nome, cpf, lotacao_id, status, status_validacao, observacoes_validacao, data_validacao, data_ultima_tentativa, tentativas_validacao, created_at, updated_at, deleted_at, funcao_id) VALUES ('2', 'Maria Oliveira Costa', '222.555.888-46', '2', 'ativo', 'validado', 'CPF validado com sucesso', '2025-10-23 19:04:31', NULL, '1', '2025-10-23 19:04:31', '2025-10-23 19:53:59', NULL, '5');
INSERT INTO pessoas (id, nome, cpf, lotacao_id, status, status_validacao, observacoes_validacao, data_validacao, data_ultima_tentativa, tentativas_validacao, created_at, updated_at, deleted_at, funcao_id) VALUES ('3', 'Pedro Henrique Almeida', '333.666.999-57', '3', 'ativo', 'validado', 'CPF validado com sucesso', '2025-10-23 19:04:31', NULL, '1', '2025-10-23 19:04:31', '2025-10-23 19:53:59', NULL, '2');
INSERT INTO pessoas (id, nome, cpf, lotacao_id, status, status_validacao, observacoes_validacao, data_validacao, data_ultima_tentativa, tentativas_validacao, created_at, updated_at, deleted_at, funcao_id) VALUES ('4', 'Ana Carolina Ferreira', '444.777.000-68', '4', 'ativo', 'validado', 'CPF validado com sucesso', '2025-10-23 19:04:31', NULL, '1', '2025-10-23 19:04:31', '2025-10-23 19:53:59', NULL, '9');
INSERT INTO pessoas (id, nome, cpf, lotacao_id, status, status_validacao, observacoes_validacao, data_validacao, data_ultima_tentativa, tentativas_validacao, created_at, updated_at, deleted_at, funcao_id) VALUES ('5', 'Carlos Eduardo Rodrigues', '555.888.111-79', '5', 'ativo', 'validado', 'CPF validado com sucesso', '2025-10-23 19:04:31', NULL, '1', '2025-10-23 19:04:31', '2025-10-23 19:53:59', NULL, '7');
INSERT INTO pessoas (id, nome, cpf, lotacao_id, status, status_validacao, observacoes_validacao, data_validacao, data_ultima_tentativa, tentativas_validacao, created_at, updated_at, deleted_at, funcao_id) VALUES ('6', 'Fernanda Lima Souza', '666.999.222-80', '1', 'ativo', 'validado', 'CPF validado com sucesso', '2025-10-23 19:04:31', NULL, '1', '2025-10-23 19:04:31', '2025-10-23 19:53:59', NULL, '10');
INSERT INTO pessoas (id, nome, cpf, lotacao_id, status, status_validacao, observacoes_validacao, data_validacao, data_ultima_tentativa, tentativas_validacao, created_at, updated_at, deleted_at, funcao_id) VALUES ('7', 'Rafael Mendes Pereira', '777.000.333-91', '2', 'ativo', 'validado', 'CPF validado com sucesso', '2025-10-23 19:04:31', NULL, '1', '2025-10-23 19:04:31', '2025-10-23 19:53:59', NULL, '5');
INSERT INTO pessoas (id, nome, cpf, lotacao_id, status, status_validacao, observacoes_validacao, data_validacao, data_ultima_tentativa, tentativas_validacao, created_at, updated_at, deleted_at, funcao_id) VALUES ('8', 'Juliana Barbosa Martins', '888.111.444-02', '3', 'ativo', 'validado', 'CPF validado com sucesso', '2025-10-23 19:04:31', NULL, '1', '2025-10-23 19:04:31', '2025-10-23 19:53:59', NULL, '4');
INSERT INTO pessoas (id, nome, cpf, lotacao_id, status, status_validacao, observacoes_validacao, data_validacao, data_ultima_tentativa, tentativas_validacao, created_at, updated_at, deleted_at, funcao_id) VALUES ('9', 'Lucas Gabriel Nascimento', '999.222.555-13', '4', 'ativo', 'validado', 'CPF validado com sucesso', '2025-10-23 19:04:31', NULL, '1', '2025-10-23 19:04:31', '2025-10-23 19:53:59', NULL, '4');
INSERT INTO pessoas (id, nome, cpf, lotacao_id, status, status_validacao, observacoes_validacao, data_validacao, data_ultima_tentativa, tentativas_validacao, created_at, updated_at, deleted_at, funcao_id) VALUES ('10', 'Camila Beatriz Rocha', '000.333.666-24', '5', 'ativo', 'validado', 'CPF validado com sucesso', '2025-10-23 19:04:31', NULL, '1', '2025-10-23 19:04:31', '2025-10-23 19:53:59', NULL, '2');
INSERT INTO projeto_empresa (id, projeto_id, empresa_id, tipo_participacao, observacoes, ativo, created_at, updated_at) VALUES ('1', '1', '4', 'outros', 'Associação criada automaticamente pelo seeder', '1', '2025-10-23 18:00:26', '2025-10-23 18:00:26');
INSERT INTO projeto_empresa (id, projeto_id, empresa_id, tipo_participacao, observacoes, ativo, created_at, updated_at) VALUES ('2', '2', '1', 'subcontratada', 'Associação criada automaticamente pelo seeder', '1', '2025-10-23 18:00:26', '2025-10-23 18:00:26');
INSERT INTO projeto_empresa (id, projeto_id, empresa_id, tipo_participacao, observacoes, ativo, created_at, updated_at) VALUES ('3', '2', '2', 'consultoria', 'Associação criada automaticamente pelo seeder', '1', '2025-10-23 18:00:26', '2025-10-23 18:00:26');
INSERT INTO projeto_empresa (id, projeto_id, empresa_id, tipo_participacao, observacoes, ativo, created_at, updated_at) VALUES ('4', '2', '4', 'fiscalizacao', 'Associação criada automaticamente pelo seeder', '1', '2025-10-23 18:00:26', '2025-10-23 18:00:26');
INSERT INTO projeto_empresa (id, projeto_id, empresa_id, tipo_participacao, observacoes, ativo, created_at, updated_at) VALUES ('5', '3', '1', 'fiscalizacao', 'Associação criada automaticamente pelo seeder', '1', '2025-10-23 18:00:26', '2025-10-23 18:00:26');
INSERT INTO projeto_empresa (id, projeto_id, empresa_id, tipo_participacao, observacoes, ativo, created_at, updated_at) VALUES ('6', '3', '2', 'fornecedor', 'Associação criada automaticamente pelo seeder', '1', '2025-10-23 18:00:26', '2025-10-23 18:00:26');
INSERT INTO projeto_empresa (id, projeto_id, empresa_id, tipo_participacao, observacoes, ativo, created_at, updated_at) VALUES ('7', '3', '3', 'fornecedor', 'Associação criada automaticamente pelo seeder', '1', '2025-10-23 18:00:26', '2025-10-23 18:00:26');
INSERT INTO projeto_empresa (id, projeto_id, empresa_id, tipo_participacao, observacoes, ativo, created_at, updated_at) VALUES ('8', '4', '2', 'consultoria', 'Associação criada automaticamente pelo seeder', '1', '2025-10-23 18:00:26', '2025-10-23 18:00:26');
INSERT INTO projeto_empresa (id, projeto_id, empresa_id, tipo_participacao, observacoes, ativo, created_at, updated_at) VALUES ('9', '5', '3', 'subcontratada', 'Associação criada automaticamente pelo seeder', '1', '2025-10-23 18:00:26', '2025-10-23 18:00:26');
INSERT INTO projeto_empresa (id, projeto_id, empresa_id, tipo_participacao, observacoes, ativo, created_at, updated_at) VALUES ('10', '5', '5', 'outros', 'Associação criada automaticamente pelo seeder', '1', '2025-10-23 18:00:26', '2025-10-23 18:00:26');
INSERT INTO projetos (id, nome, descricao, endereco, complemento, bairro, cidade, estado, cep, cliente, contrato, valor_total, data_inicio, data_fim_prevista, data_fim_real, status, prioridade, observacoes, responsavel_id, created_by, deleted_at, created_at, updated_at) VALUES ('1', 'Residencial Jardim das Flores', 'Construção de condomínio residencial com 50 unidades', 'Rua das Flores, 123', 'Loteamento Jardim', 'Jardim das Flores', 'São Paulo', 'SP', '01234-567', 'Construtora ABC Ltda', 'CT-2024-001', '2500000.00', '2024-01-15', '2024-12-15', NULL, 'em_andamento', 'alta', 'Projeto prioritário da empresa', '1', '1', NULL, '2025-10-23 18:00:06', '2025-10-23 18:00:06');
INSERT INTO projetos (id, nome, descricao, endereco, complemento, bairro, cidade, estado, cep, cliente, contrato, valor_total, data_inicio, data_fim_prevista, data_fim_real, status, prioridade, observacoes, responsavel_id, created_by, deleted_at, created_at, updated_at) VALUES ('2', 'Shopping Center Norte', 'Construção de shopping center com 200 lojas', 'Av. Paulista, 1000', 'Torre Norte', 'Bela Vista', 'São Paulo', 'SP', '01310-100', 'Shopping Norte S/A', 'CT-2024-002', '5000000.00', '2024-03-01', '2025-06-30', NULL, 'planejamento', 'media', 'Projeto em fase de planejamento', '1', '1', NULL, '2025-10-23 18:00:06', '2025-10-23 18:00:06');
INSERT INTO projetos (id, nome, descricao, endereco, complemento, bairro, cidade, estado, cep, cliente, contrato, valor_total, data_inicio, data_fim_prevista, data_fim_real, status, prioridade, observacoes, responsavel_id, created_by, deleted_at, created_at, updated_at) VALUES ('3', 'Hospital Municipal', 'Construção de hospital público com 100 leitos', 'Rua da Saúde, 456', 'Setor Hospitalar', 'Centro', 'Rio de Janeiro', 'RJ', '20000-000', 'Prefeitura Municipal', 'CT-2024-003', '8000000.00', '2024-02-01', '2025-12-31', NULL, 'em_andamento', 'urgente', 'Projeto de interesse público', '1', '1', NULL, '2025-10-23 18:00:06', '2025-10-23 18:00:06');
INSERT INTO projetos (id, nome, descricao, endereco, complemento, bairro, cidade, estado, cep, cliente, contrato, valor_total, data_inicio, data_fim_prevista, data_fim_real, status, prioridade, observacoes, responsavel_id, created_by, deleted_at, created_at, updated_at) VALUES ('4', 'Torre Empresarial', 'Construção de torre comercial com 30 andares', 'Av. Faria Lima, 2000', 'Torre Sul', 'Itaim Bibi', 'São Paulo', 'SP', '04538-132', 'Empresa XYZ Ltda', 'CT-2024-004', '12000000.00', '2024-04-01', '2026-03-31', NULL, 'planejamento', 'media', 'Projeto de grande porte', '1', '1', NULL, '2025-10-23 18:00:06', '2025-10-23 18:00:06');
INSERT INTO projetos (id, nome, descricao, endereco, complemento, bairro, cidade, estado, cep, cliente, contrato, valor_total, data_inicio, data_fim_prevista, data_fim_real, status, prioridade, observacoes, responsavel_id, created_by, deleted_at, created_at, updated_at) VALUES ('5', 'Escola Municipal', 'Construção de escola pública para 500 alunos', 'Rua da Educação, 789', 'Quadra 15', 'Vila Nova', 'Belo Horizonte', 'MG', '30000-000', 'Secretaria de Educação', 'CT-2024-005', '1500000.00', '2024-01-01', '2024-11-30', NULL, 'concluido', 'alta', 'Projeto concluído com sucesso', '1', '1', NULL, '2025-10-23 18:00:06', '2025-10-23 18:00:06');
INSERT INTO sessions (id, user_id, ip_address, user_agent, payload, last_activity) VALUES ('0bVMgqmkHeXq69biDvjGNDjGPWW1gKpusAdNV9A3', NULL, '172.21.0.1', 'Tunnel-Server/1.0', 'YTozOntzOjY6Il90b2tlbiI7czo0MDoiSDE4UzFWRVNZU1lXMXhWTDFpOXZkM3hnazE0Y0w2c2gwbFZWYXhCMiI7czo5OiJfcHJldmlvdXMiO2E6MTp7czozOiJ1cmwiO3M6Mjc6Imh0dHA6Ly9sb2NhbGhvc3Q6ODAwMC9sb2dpbiI7fXM6NjoiX2ZsYXNoIjthOjI6e3M6Mzoib2xkIjthOjA6e31zOjM6Im5ldyI7YTowOnt9fX0=', '1761342494');
INSERT INTO sessions (id, user_id, ip_address, user_agent, payload, last_activity) VALUES ('alAWlj2P6alY2lOuNCyzJ70JHnaGxosvXpwbmejy', NULL, '172.21.0.1', 'curl/7.81.0', 'YTozOntzOjY6Il90b2tlbiI7czo0MDoiRUltZlFaQnFEOWFZYTlxTHN2RXlaM2Z0ZzROejRSRlpzeFR5YXNRMCI7czo5OiJfcHJldmlvdXMiO2E6MTp7czozOiJ1cmwiO3M6MjY6Imh0dHA6Ly8xNzIuMzEuMTYzLjIxNTo4MDgxIjt9czo2OiJfZmxhc2giO2E6Mjp7czozOiJvbGQiO2E6MDp7fXM6MzoibmV3IjthOjA6e319fQ==', '1761343092');
INSERT INTO sessions (id, user_id, ip_address, user_agent, payload, last_activity) VALUES ('bl5vRr830UEH0VFx9YSB7MCh7PDQoznzysfSkWRC', NULL, '172.21.0.1', 'curl/7.81.0', 'YTozOntzOjY6Il90b2tlbiI7czo0MDoiV1JjbmZOMVVnR0I1NzI2Z3d3aEVsT3JGY29yV1RIVGtoNFBHeFpRRSI7czo5OiJfcHJldmlvdXMiO2E6MTp7czozOiJ1cmwiO3M6MjE6Imh0dHA6Ly9sb2NhbGhvc3Q6ODAwMCI7fXM6NjoiX2ZsYXNoIjthOjI6e3M6Mzoib2xkIjthOjA6e31zOjM6Im5ldyI7YTowOnt9fX0=', '1761342603');
INSERT INTO sessions (id, user_id, ip_address, user_agent, payload, last_activity) VALUES ('CaASDxOsdfysrktusLphCFzKnvfZI53wx5LKLdEQ', NULL, '172.21.0.1', 'Mozilla/5.0 (Linux; Android 10; K) AppleWebKit/537.36 (KHTML, like Gecko) Chrome/138.0.0.0 Mobile Safari/537.36 (compatible; Google-Read-Aloud; +https://support.google.com/webmasters/answer/1061943)', 'YTo0OntzOjY6Il90b2tlbiI7czo0MDoiWXJXUTBJZTUyaHJ0VTZ5dFA1MGZCN0F2ZERlcTFUWGZwVll1NW1keiI7czozOiJ1cmwiO2E6MTp7czo4OiJpbnRlbmRlZCI7czo4NToiaHR0cDovL21hcmlhbm8tYXBwb2ludGVkLW1hdHRlby5uZ3Jvay1mcmVlLmRldi9kaWFyaW8tb2JyYXMvZm90b3MvY3JlYXRlP3Byb2pldG9faWQ9MSI7fXM6OToiX3ByZXZpb3VzIjthOjE6e3M6MzoidXJsIjtzOjg1OiJodHRwOi8vbWFyaWFuby1hcHBvaW50ZWQtbWF0dGVvLm5ncm9rLWZyZWUuZGV2L2RpYXJpby1vYnJhcy9mb3Rvcy9jcmVhdGU/cHJvamV0b19pZD0xIjt9czo2OiJfZmxhc2giO2E6Mjp7czozOiJvbGQiO2E6MDp7fXM6MzoibmV3IjthOjA6e319fQ==', '1761345682');
INSERT INTO sessions (id, user_id, ip_address, user_agent, payload, last_activity) VALUES ('F9lZlcgjWk5EKH7GblS3uPybOqcAlOZ2xfRU1rUm', NULL, '172.21.0.1', 'curl/7.81.0', 'YToyOntzOjY6Il90b2tlbiI7czo0MDoiSzVTU0dPeFpHcER1ZDA3ZEE2bnN0dXVWamlvdWVWNmFyQW5YN1JYRyI7czo2OiJfZmxhc2giO2E6Mjp7czozOiJvbGQiO2E6MDp7fXM6MzoibmV3IjthOjA6e319fQ==', '1761344768');
INSERT INTO sessions (id, user_id, ip_address, user_agent, payload, last_activity) VALUES ('fAGDAMGLTeA9o5qiS1KY9WXOJQ1DFALuv8swSSHP', NULL, '172.21.0.1', 'curl/7.81.0', 'YToyOntzOjY6Il90b2tlbiI7czo0MDoiQmcxYUZZcENJeUUyNDBabUhKMXlCWDQ1NGtMUXdYMmxkVVhIYVQ3RyI7czo2OiJfZmxhc2giO2E6Mjp7czozOiJvbGQiO2E6MDp7fXM6MzoibmV3IjthOjA6e319fQ==', '1761346938');
INSERT INTO sessions (id, user_id, ip_address, user_agent, payload, last_activity) VALUES ('gC1it7yeCsCOtD2y5zT6FeKuiqiPMAIvqMixPr0v', NULL, '172.21.0.1', 'curl/7.81.0', 'YToyOntzOjY6Il90b2tlbiI7czo0MDoiTzM0WGcxVWxJT1BXVFdqaVU5UHA3RTdVSHJodGtFOTdSWGkwazd0UiI7czo2OiJfZmxhc2giO2E6Mjp7czozOiJvbGQiO2E6MDp7fXM6MzoibmV3IjthOjA6e319fQ==', '1761343063');
INSERT INTO sessions (id, user_id, ip_address, user_agent, payload, last_activity) VALUES ('Jg2mYYWLuND7BvEC6k3BTGIlAPg7XzCvPtajRU83', NULL, '172.31.163.215', 'curl/7.81.0', 'YToyOntzOjY6Il90b2tlbiI7czo0MDoiaHF1RERvTFhTVTU1ZVVkUGNpQnZjaTVYeGxyM1lxM2wwZ2t0Mm9BbiI7czo2OiJfZmxhc2giO2E6Mjp7czozOiJvbGQiO2E6MDp7fXM6MzoibmV3IjthOjA6e319fQ==', '1761347114');
INSERT INTO sessions (id, user_id, ip_address, user_agent, payload, last_activity) VALUES ('lA0mMqRc9CvW1uQgRRsH3mkERD1tGnydVpg3puSS', NULL, '172.21.0.1', 'curl/7.81.0', 'YToyOntzOjY6Il90b2tlbiI7czo0MDoidmRzRTdROU1rd01PQTM5Vjk5UzNIN0Z3ODNuNzh3ZFhoaGcyejBZYSI7czo2OiJfZmxhc2giO2E6Mjp7czozOiJvbGQiO2E6MDp7fXM6MzoibmV3IjthOjA6e319fQ==', '1761343146');
INSERT INTO sessions (id, user_id, ip_address, user_agent, payload, last_activity) VALUES ('LD7pLh0Gc6UPoxK1L3CsHDKwRTaMRj1Nd722WhfM', NULL, '172.31.163.215', 'curl/7.81.0', 'YToyOntzOjY6Il90b2tlbiI7czo0MDoibDd3N2FxOUtkUTVvR1pCcExvbEFGSzlCMGxVVVA5cEREOGJsU05ZNCI7czo2OiJfZmxhc2giO2E6Mjp7czozOiJvbGQiO2E6MDp7fXM6MzoibmV3IjthOjA6e319fQ==', '1761342776');
INSERT INTO sessions (id, user_id, ip_address, user_agent, payload, last_activity) VALUES ('o8LUYU88WppUQ3fUk4R5S749VXwCiu22SKYBzYYq', NULL, '172.21.0.1', 'curl/7.81.0', 'YToyOntzOjY6Il90b2tlbiI7czo0MDoiN0h5Smx0amxPNkNFaXhPWVRsZHp6Q0d5a0pjUHo0N1duTTltdTJkcCI7czo2OiJfZmxhc2giO2E6Mjp7czozOiJvbGQiO2E6MDp7fXM6MzoibmV3IjthOjA6e319fQ==', '1761346988');
INSERT INTO sessions (id, user_id, ip_address, user_agent, payload, last_activity) VALUES ('orNQ2HD4HRTT6Fcag0HsTlQ0eidKHYHA1Hij4DCv', '1', '172.21.0.1', 'Mozilla/5.0 (Linux; Android 10; K) AppleWebKit/537.36 (KHTML, like Gecko) Chrome/141.0.0.0 Mobile Safari/537.36', 'YTo0OntzOjY6Il90b2tlbiI7czo0MDoiN1hlNm1RbkVIOGdzejlmV1lpdGh6RTA3OWViRTUxZlRGYVR3TjdlWiI7czo5OiJfcHJldmlvdXMiO2E6MTp7czozOiJ1cmwiO3M6ODU6Imh0dHA6Ly9tYXJpYW5vLWFwcG9pbnRlZC1tYXR0ZW8ubmdyb2stZnJlZS5kZXYvZGlhcmlvLW9icmFzL2ZvdG9zL2NyZWF0ZT9wcm9qZXRvX2lkPTIiO31zOjY6Il9mbGFzaCI7YToyOntzOjM6Im9sZCI7YTowOnt9czozOiJuZXciO2E6MDp7fX1zOjUwOiJsb2dpbl93ZWJfNTliYTM2YWRkYzJiMmY5NDAxNTgwZjAxNGM3ZjU4ZWE0ZTMwOTg5ZCI7aToxO30=', '1761349787');
INSERT INTO sessions (id, user_id, ip_address, user_agent, payload, last_activity) VALUES ('uvlB0vVQa8jOqIoApLWSkachI9a2ItZAqEt4jYkw', NULL, '172.31.163.215', 'curl/7.81.0', 'YToyOntzOjY6Il90b2tlbiI7czo0MDoiY2NISTZKY2lEOXhuYnY1S3FSZEdkSTI3NzBScDFCMGh6ZERWNW0wbCI7czo2OiJfZmxhc2giO2E6Mjp7czozOiJvbGQiO2E6MDp7fXM6MzoibmV3IjthOjA6e319fQ==', '1761343146');
INSERT INTO sessions (id, user_id, ip_address, user_agent, payload, last_activity) VALUES ('ve1WvucvrVzsQmyyulv8THPZkerDEw5VVioCQaQK', NULL, '172.21.0.1', 'WhatsApp/2.2541.3 W', 'YTozOntzOjY6Il90b2tlbiI7czo0MDoiZUpIV0JuRUF4OHg2TzBjbTloeDhMVkFrY2x1RGVacWNha05QSXVOVyI7czo5OiJfcHJldmlvdXMiO2E6MTp7czozOiJ1cmwiO3M6NDY6Imh0dHA6Ly9tYXJpYW5vLWFwcG9pbnRlZC1tYXR0ZW8ubmdyb2stZnJlZS5kZXYiO31zOjY6Il9mbGFzaCI7YToyOntzOjM6Im9sZCI7YTowOnt9czozOiJuZXciO2E6MDp7fX19', '1761344560');
INSERT INTO sessions (id, user_id, ip_address, user_agent, payload, last_activity) VALUES ('WO1EkQzS7F7c6pFrE4X5N4BlMGcA7xDdkx23B3q1', '1', '172.21.0.1', 'Mozilla/5.0 (Windows NT 10.0; Win64; x64) AppleWebKit/537.36 (KHTML, like Gecko) Chrome/141.0.0.0 Safari/537.36', 'YTo0OntzOjY6Il90b2tlbiI7czo0MDoiSG5rUHo1NzJKWEw4Q2RvY3RubzE0MjB6QmRaSjJpQTBmU1RDSlMzNyI7czo5OiJfcHJldmlvdXMiO2E6MTp7czozOiJ1cmwiO3M6MzE6Imh0dHA6Ly9sb2NhbGhvc3Q6MzAwMC9kYXNoYm9hcmQiO31zOjY6Il9mbGFzaCI7YToyOntzOjM6Im9sZCI7YTowOnt9czozOiJuZXciO2E6MDp7fX1zOjUwOiJsb2dpbl93ZWJfNTliYTM2YWRkYzJiMmY5NDAxNTgwZjAxNGM3ZjU4ZWE0ZTMwOTg5ZCI7aToxO30=', '1761357297');
INSERT INTO sessions (id, user_id, ip_address, user_agent, payload, last_activity) VALUES ('xwU4jaQOArcvdMVG9v3COecZrJBlgGcpHE6vIGBH', '1', '172.21.0.1', 'Mozilla/5.0 (Windows NT 10.0; Win64; x64) AppleWebKit/537.36 (KHTML, like Gecko) Chrome/141.0.0.0 Safari/537.36', 'YTo0OntzOjY6Il90b2tlbiI7czo0MDoib0lNczZIVDhiZzBjUndpTVBGV1NuZHpxTUV2Nlo3RUJId2dxRm83cCI7czo5OiJfcHJldmlvdXMiO2E6MTp7czozOiJ1cmwiO3M6NjM6Imh0dHA6Ly9tYXJpYW5vLWFwcG9pbnRlZC1tYXR0ZW8ubmdyb2stZnJlZS5kZXYvYXBpL29mZmxpbmUtZGF0YSI7fXM6NjoiX2ZsYXNoIjthOjI6e3M6Mzoib2xkIjthOjA6e31zOjM6Im5ldyI7YTowOnt9fXM6NTA6ImxvZ2luX3dlYl81OWJhMzZhZGRjMmIyZjk0MDE1ODBmMDE0YzdmNThlYTRlMzA5ODlkIjtpOjE7fQ==', '1761357549');
INSERT INTO sessions (id, user_id, ip_address, user_agent, payload, last_activity) VALUES ('YEBVIDbcXgNNzLaemxiZ42AZ0TziDVfD4xJ4lEk1', NULL, '172.21.0.1', 'curl/7.81.0', 'YTozOntzOjY6Il90b2tlbiI7czo0MDoiam8xODFKeXFmWjliNUI5a0JJVXhjd01EM29tQ3laclY5OVA4QVQ0cCI7czo5OiJfcHJldmlvdXMiO2E6MTp7czozOiJ1cmwiO3M6Mjc6Imh0dHA6Ly9sb2NhbGhvc3Q6ODAwMC9sb2dpbiI7fXM6NjoiX2ZsYXNoIjthOjI6e3M6Mzoib2xkIjthOjA6e31zOjM6Im5ldyI7YTowOnt9fX0=', '1761342604');
INSERT INTO sessions (id, user_id, ip_address, user_agent, payload, last_activity) VALUES ('YEGoSRVMZRy0QSRHPQRLDQSXjJWrReXRNwJIVZj7', NULL, '172.21.0.1', 'Mozilla/5.0 (Linux; Android 10; K) AppleWebKit/537.36 (KHTML, like Gecko) Chrome/138.0.0.0 Mobile Safari/537.36 (compatible; Google-Read-Aloud; +https://support.google.com/webmasters/answer/1061943)', 'YTozOntzOjY6Il90b2tlbiI7czo0MDoiQnQxdEYwSlRmS1F5Qjhya2tON01ScE1yRUZsUHl4QUhEeUt0QjBCdCI7czo5OiJfcHJldmlvdXMiO2E6MTp7czozOiJ1cmwiO3M6NTI6Imh0dHA6Ly9tYXJpYW5vLWFwcG9pbnRlZC1tYXR0ZW8ubmdyb2stZnJlZS5kZXYvbG9naW4iO31zOjY6Il9mbGFzaCI7YToyOntzOjM6Im9sZCI7YTowOnt9czozOiJuZXciO2E6MDp7fX19', '1761345683');
INSERT INTO sessions (id, user_id, ip_address, user_agent, payload, last_activity) VALUES ('YS4YpNeHxxwLneCEWvYnkO9oN7HmIEHgN7C8JADZ', NULL, '172.21.0.1', 'curl/7.81.0', 'YToyOntzOjY6Il90b2tlbiI7czo0MDoiRVYyNXEwdWxTV21UcnhSdE5HM0Q3UDk5cDBnbTlVV0ZzTTRDZGJUbSI7czo2OiJfZmxhc2giO2E6Mjp7czozOiJvbGQiO2E6MDp7fXM6MzoibmV3IjthOjA6e319fQ==', '1761349605');
INSERT INTO sessions (id, user_id, ip_address, user_agent, payload, last_activity) VALUES ('z9jsJgvFlIsfjk0bpuKeSf0IzDhp6K9byGNedukN', NULL, '172.21.0.1', 'curl/7.81.0', 'YTozOntzOjY6Il90b2tlbiI7czo0MDoib1FZWXZJNDAydkJjNUM0czEyNHYybDZjb3FCUlRNOTR6ZjFLZ25MRiI7czo5OiJfcHJldmlvdXMiO2E6MTp7czozOiJ1cmwiO3M6MzI6Imh0dHA6Ly8xNzIuMzEuMTYzLjIxNTo4MDgxL2xvZ2luIjt9czo2OiJfZmxhc2giO2E6Mjp7czozOiJvbGQiO2E6MDp7fXM6MzoibmV3IjthOjA6e319fQ==', '1761343119');
INSERT INTO sessions (id, user_id, ip_address, user_agent, payload, last_activity) VALUES ('ZgT0IqSscNbi2VrHKywUlAZ661mW9EqD7BiCryAt', '1', '172.21.0.1', 'Mozilla/5.0 (Windows NT 10.0; Win64; x64) AppleWebKit/537.36 (KHTML, like Gecko) Chrome/141.0.0.0 Safari/537.36', 'YTo0OntzOjY6Il90b2tlbiI7czo0MDoiOU5IRTRuTUEzTUZhT0gzaThWSFg5WG1CMVNjNm9EUDhXQll2bjRCdSI7czo1MDoibG9naW5fd2ViXzU5YmEzNmFkZGMyYjJmOTQwMTU4MGYwMTRjN2Y1OGVhNGUzMDk4OWQiO2k6MTtzOjk6Il9wcmV2aW91cyI7YToxOntzOjM6InVybCI7czozMToiaHR0cDovL2xvY2FsaG9zdDozMDAwL2Rhc2hib2FyZCI7fXM6NjoiX2ZsYXNoIjthOjI6e3M6Mzoib2xkIjthOjA6e31zOjM6Im5ldyI7YTowOnt9fX0=', '1761423810');
INSERT INTO users (id, name, email, email_verified_at, profile, approval_status, approved_at, approved_by, two_factor_enabled, two_factor_secret, two_factor_backup_codes, two_factor_enabled_at, password, remember_token, created_at, updated_at, deleted_at) VALUES ('1', 'Administrador Master', 'admin@test.com', '2025-10-22 19:03:23', 'master', 'approved', NULL, NULL, '0', NULL, NULL, NULL, '$2y$12$0VVGPqX83L.PY9PYiTyZt.yckxHIqsEXdNPo7YD08FMxr8TnPyzAi', '7Srlkyf9tIUpNsjbEQK0kkAPyuTpgamEC5kqWyEoAK72qI8SsnvE4hnsNyiQ', '2025-10-22 19:03:23', '2025-10-22 19:03:23', NULL);
